relative_time,AccZ
0,9.624691009521484
30,10.02691650390625
64,10.381258964538574
90,9.615114212036133
102,9.730035781860352
126,9.797073364257812
153,9.998186111450195
163,9.615114212036133
190,9.327810287475586
200,9.375694274902344
210,9.078812599182129
220,8.983044624328613
240,9.050082206726074
269,9.509769439697266
300,9.691728591918945
331,9.758766174316406
341,9.423578262329102
376,9.567230224609375
410,10.47702693939209
437,10.256759643554688
449,9.806650161743164
450,9.758766174316406
475,9.959878921508789
488,10.697293281555176
490,10.984597206115723
524,11.310209274291992
533,12.239158630371094
540,12.191274642944336
568,12.018892288208008
570,11.54005241394043
599,11.348516464233398
600,11.338939666748047
601,11.348516464233398
610,11.425130844116211
632,11.597513198852539
640,11.41555404663086
663,11.396400451660156
670,11.166556358337402
695,11.109095573425293
696,10.927136421203613
700,10.821791648864746
710,10.668562889099121
724,10.199298858642578
748,9.720458984375
750,8.619126319885254
760,8.303091049194336
772,8.159439086914062
803,8.245630264282227
810,9.308655738830566
835,9.481039047241211
840,9.260771751403809
867,9.050082206726074
868,8.954314231872559
871,8.935160636901855
899,9.184157371520996
900,9.873687744140625
910,10.15141487121582
932,10.180145263671875
940,9.682151794433594
964,9.404424667358398
970,8.427590370178223
993,8.20732307434082
1017,8.236053466796875
1020,8.801085472106934
1055,9.002198219299316
1060,9.883264541625977
1083,9.739612579345703
1090,9.509769439697266
1116,9.567230224609375
1120,8.858546257019043
1148,8.638279914855957
1151,9.011775016784668
1160,9.241618156433105
1183,9.2033109664917
1190,9.576807022094727
1215,9.672574996948242
1220,9.557653427124023
1242,9.346963882446289
1243,9.136273384094238
1268,9.107542991638184
1271,8.801085472106934
1296,8.71489429473877
1300,8.724471092224121
1310,8.638279914855957
1331,8.53293514251709
1340,8.686163902282715
1363,8.820239067077637
1370,9.605537414550781
1395,9.758766174316406
1428,9.222464561462402
1434,8.341399192810059
1461,14.279019355773926
1495,15.705963134765625
1500,9.892841339111328
1510,9.126696586608887
1533,8.169015884399414
1540,4.9799394607543945
1565,6.71334171295166
1570,8.65743350982666
1600,9.624691009521484
1610,12.593501091003418
1625,12.469002723693848
1653,10.314221382141113
1660,8.121131896972656
1677,8.916007041931152
1681,10.170568466186523
1709,10.47702693939209
1710,5.746084213256836
1737,6.071695327758789
1742,6.751648902893066
1764,11.520898818969727
1770,8.159439086914062
1792,9.452308654785156
1793,10.706870079040527
1826,16.184803009033203
1853,12.392388343811035
1860,5.324704647064209
1879,12.267889976501465
1881,10.496180534362793
1890,9.289502143859863
1908,10.611102104187012
1910,8.791508674621582
1937,8.322244644165039
1940,10.103530883789062
1967,9.682151794433594
1970,10.228029251098633
1997,9.835380554199219
2000,8.5903959274292
2010,9.078812599182129
2023,9.567230224609375
2050,9.682151794433594
2060,9.107542991638184
2079,9.739612579345703
2080,8.992621421813965
2090,10.735600471496582
2107,9.509769439697266
2110,7.422025203704834
2135,11.674127578735352
2140,8.801085472106934
2162,9.528923034667969
2170,10.036493301391602
2196,9.490615844726562
2200,9.14585018157959
2210,9.643844604492188
2221,9.404424667358398
2249,10.467450141906738
2250,9.2033109664917
2260,9.193734169006348
2277,8.925583839416504
2312,7.422025203704834
2320,9.892841339111328
2339,8.734047889709473
2340,9.490615844726562
2372,9.940725326538086
2409,10.505757331848145
2410,9.998186111450195
2444,9.96945571899414
2474,9.873687744140625
2501,9.289502143859863
2510,9.069235801696777
2547,9.14585018157959
2550,9.375694274902344
2560,11.712434768676758
2570,7.95832633972168
2611,10.563218116760254
2646,8.47547435760498
2650,8.398859977722168
2660,9.634267807006836
2675,9.404424667358398
2703,9.710882186889648
2710,9.643844604492188
2735,8.676587104797363
2741,9.691728591918945
2777,9.165003776550293
2778,9.634267807006836
2805,8.015787124633789
2810,9.404424667358398
2843,9.059659004211426
2866,9.184157371520996
2870,9.691728591918945
2905,9.375694274902344
2910,9.959878921508789
2941,10.381258964538574
2967,9.816226959228516
2970,8.772355079650879
3000,9.078812599182129
3003,8.456320762634277
3010,9.059659004211426
3028,10.132261276245117
3057,9.892841339111328
3060,9.825803756713867
3084,9.394847869873047
3090,8.992621421813965
3110,9.548076629638672
3136,10.160991668701172
3140,10.821791648864746
3173,9.155426979064941
3201,9.078812599182129
3210,8.245630264282227
3244,8.791508674621582
3250,10.35252857208252
3260,10.745177268981934
3273,10.821791648864746
3300,10.630255699157715
3310,9.318233489990234
3325,8.762778282165527
3363,8.398859977722168
3370,10.467450141906738
3389,10.697293281555176
3390,9.90241813659668
3424,9.605537414550781
3453,9.672574996948242
3454,7.469909191131592
3460,7.920019149780273
3498,9.624691009521484
3501,9.911994934082031
3510,9.979032516479492
3533,9.576807022094727
3540,10.390835762023926
3562,9.375694274902344
3570,9.634267807006836
3601,9.404424667358398
3610,8.446743965148926
3628,8.485051155090332
3630,8.293514251708984
3640,8.647856712341309
3656,10.285490036010742
3660,10.160991668701172
3684,11.061211585998535
3690,11.080365180969238
3715,9.988609313964844
3720,8.944737434387207
3753,8.628703117370605
3760,9.931148529052734
3791,10.055646896362305
3821,9.366117477416992
3849,9.011775016784668
3850,11.21444034576416
3860,11.41555404663086
3886,11.281478881835938
3890,10.228029251098633
3917,8.341399192810059
3920,7.833827972412109
3945,8.33182144165039
3950,9.892841339111328
3960,9.825803756713867
3972,10.074800491333008
4010,10.486603736877441
4041,10.745177268981934
4042,9.768342971801758
4073,8.695740699768066
4105,7.872135162353516
4110,10.582371711730957
4136,10.074800491333008
4140,8.197746276855469
4169,9.509769439697266
4170,12.392388343811035
4198,11.396400451660156
4200,7.259219646453857
4210,7.096413612365723
4237,8.71489429473877
4240,13.85763931274414
4264,11.501745223999023
4270,8.197746276855469
4302,7.2783732414245605
4303,8.628703117370605
4310,9.078812599182129
4330,10.381258964538574
4340,8.848969459533691
4363,8.437167167663574
4364,9.27034854888916
4370,9.548076629638672
4395,10.285490036010742
4400,9.308655738830566
4410,9.02135181427002
4431,9.500192642211914
4440,10.467450141906738
4472,10.160991668701172
4473,8.944737434387207
4485,8.561665534973145
4510,9.02135181427002
4511,9.835380554199219
4556,9.672574996948242
4560,8.341399192810059
4570,8.26478385925293
4580,7.6997528076171875
4590,6.655880928039551
4600,6.138733386993408
4610,7.872135162353516
4620,9.605537414550781
4630,9.050082206726074
4640,8.810662269592285
4650,26.269180297851562
4660,14.441824913024902
4670,4.558559894561768
4681,8.992621421813965
4690,5.612008571624756
4701,10.390835762023926
4710,8.571242332458496
4723,14.508862495422363
4734,10.486603736877441
4745,8.360552787780762
4750,10.02691650390625
4760,9.787496566772461
4770,9.998186111450195
4780,9.643844604492188
4790,9.165003776550293
4800,8.389283180236816
4810,7.469909191131592
4820,6.607996463775635
4830,11.798625946044922
4840,9.251194953918457
4850,10.620678901672363
4860,8.647856712341309
4870,10.27591323852539
4880,9.84495735168457
4890,10.103530883789062
4900,9.873687744140625
4910,10.381258964538574
4920,10.687716484069824
4930,11.176133155822754
4940,11.338939666748047
4950,11.30063247680664
4960,10.802638053894043
4970,10.390835762023926
4983,9.84495735168457
4990,9.078812599182129
5000,8.063671112060547
5010,7.268796443939209
5021,6.818686485290527
5030,6.646304130554199
5135,6.646304130554199
5141,7.661445617675781
5148,8.973467826843262
5163,7.90086555480957
5167,10.72602367401123
5177,13.072340965270996
5187,12.85207462310791
5197,12.143390655517578
5207,9.911994934082031
5217,8.33182144165039
5227,9.21288776397705
5237,9.66299819946289
5247,10.046070098876953
5257,10.611102104187012
5267,11.27190113067627
5277,11.66455078125
5287,8.820239067077637
5302,9.979032516479492
5312,8.236053466796875
5322,8.101978302001953
5332,7.489062786102295
5342,7.90086555480957
5352,7.383718013763428
5362,7.46033239364624
5372,10.256759643554688
5382,12.526463508605957
5392,12.641385078430176
5402,12.382811546325684
5412,11.501745223999023
5422,8.734047889709473
5432,6.665457725524902
5442,9.260771751403809
5452,10.295066833496094
5462,9.816226959228516
5472,8.925583839416504
5482,10.438719749450684
5492,7.556100368499756
5502,8.178592681884766
5512,8.954314231872559
5522,7.144298076629639
5532,7.556100368499756
5542,8.398859977722168
5552,7.182605266571045
5562,8.9064302444458
5572,10.08437728881836
5582,8.734047889709473
5592,9.097966194152832
5602,8.360552787780762
5612,8.015787124633789
5622,7.843404769897461
5632,8.08282470703125
5642,8.695740699768066
5652,10.611102104187012
5662,12.756306648254395
5672,15.198391914367676
5682,14.221558570861816
5692,8.71489429473877
5702,8.65743350982666
5712,5.2672438621521
5722,6.89530086517334
5732,12.756306648254395
5743,12.277466773986816
5752,12.583924293518066
5762,7.65186882019043
5772,1.6855180263519287
5783,11.176133155822754
5792,13.129801750183105
5802,11.635820388793945
5812,5.190629482269287
5822,11.434707641601562
5833,11.137825965881348
5843,7.987056732177734
5853,7.872135162353516
5863,11.903970718383789
5873,9.404424667358398
5884,7.450755596160889
5893,10.170568466186523
5903,10.371682167053223
5912,9.710882186889648
5922,9.337387084960938
5932,8.868123054504395
5942,9.672574996948242
5952,9.078812599182129
5962,9.461885452270508
5972,9.14585018157959
5982,9.461885452270508
5992,10.35252857208252
6002,9.47146224975586
6012,9.586383819580078
6022,9.337387084960938
6033,8.628703117370605
6043,11.405977249145508
6052,9.854534149169922
6062,6.627150535583496
6072,8.887276649475098
6082,10.754754066467285
6092,10.678139686584473
6102,9.375694274902344
6112,9.002198219299316
6122,9.519346237182617
6132,9.289502143859863
6142,9.030928611755371
6152,10.27591323852539
6162,8.78193187713623
6172,9.490615844726562
6182,9.825803756713867
6192,9.289502143859863
6202,9.385271072387695
6212,9.768342971801758
6222,9.366117477416992
6232,9.337387084960938
6242,9.643844604492188
6252,9.528923034667969
6262,9.337387084960938
6273,9.59596061706543
6283,9.576807022094727
6293,9.394847869873047
6302,9.452308654785156
6312,9.624691009521484
6322,9.548076629638672
6333,9.35654067993164
6343,9.548076629638672
6353,9.634267807006836
6362,9.346963882446289
6372,9.557653427124023
6383,9.548076629638672
6393,9.375694274902344
6403,9.576807022094727
6412,9.615114212036133
6423,9.394847869873047
6433,9.366117477416992
6443,9.548076629638672
6453,9.682151794433594
6463,9.423578262329102
6474,9.385271072387695
6484,9.66299819946289
6494,9.500192642211914
6503,9.433155059814453
6512,9.605537414550781
6522,9.346963882446289
6532,9.509769439697266
6542,9.624691009521484
6552,9.452308654785156
6562,9.404424667358398
6572,9.59596061706543
6582,9.59596061706543
6592,9.337387084960938
6602,9.557653427124023
6612,9.615114212036133
6622,9.337387084960938
6633,9.567230224609375
6643,9.586383819580078
6653,9.461885452270508
6663,9.47146224975586
6674,9.567230224609375
6684,9.53849983215332
6694,9.337387084960938
6704,9.576807022094727
6714,9.624691009521484
6723,9.461885452270508
6732,9.442731857299805
6743,9.66299819946289
6752,9.385271072387695
6762,9.346963882446289
6772,9.758766174316406
6782,9.53849983215332
6792,9.318233489990234
6802,9.528923034667969
6812,9.643844604492188
6822,9.500192642211914
6832,9.27034854888916
6842,9.653421401977539
6852,9.682151794433594
6863,9.624691009521484
6873,9.634267807006836
6883,9.404424667358398
6893,9.423578262329102
6903,9.576807022094727
6913,9.576807022094727
6923,9.509769439697266
6934,9.653421401977539
6944,8.973467826843262
6954,9.481039047241211
6964,10.08437728881836
6974,9.567230224609375
6984,9.14585018157959
6994,9.289502143859863
7004,9.787496566772461
7013,9.59596061706543
7023,9.279925346374512
7033,9.66299819946289
7043,9.634267807006836
7053,9.385271072387695
7063,9.490615844726562
7072,9.557653427124023
7082,9.758766174316406
7092,9.308655738830566
7102,9.500192642211914
7112,9.682151794433594
7122,9.490615844726562
7132,9.35654067993164
7142,9.682151794433594
7152,9.528923034667969
7162,9.27034854888916
7172,9.797073364257812
7182,9.634267807006836
7192,9.165003776550293
7202,9.423578262329102
7212,9.787496566772461
7222,9.27034854888916
7232,9.806650161743164
7242,9.394847869873047
7252,9.299078941345215
7262,9.77791976928711
7272,9.337387084960938
7282,9.41400146484375
7292,9.701305389404297
7302,9.452308654785156
7312,9.394847869873047
7322,9.739612579345703
7332,9.739612579345703
7342,9.165003776550293
7352,9.500192642211914
7362,9.720458984375
7372,9.509769439697266
7382,9.567230224609375
7392,9.586383819580078
7403,9.528923034667969
7413,9.47146224975586
7423,9.59596061706543
7433,9.634267807006836
7443,9.375694274902344
7454,9.567230224609375
7464,9.682151794433594
7473,9.299078941345215
7484,9.528923034667969
7494,9.519346237182617
7504,9.481039047241211
7513,9.452308654785156
7523,9.442731857299805
7532,9.624691009521484
7542,9.423578262329102
7552,9.366117477416992
7562,9.452308654785156
7572,9.442731857299805
7582,9.481039047241211
7592,9.490615844726562
7602,9.500192642211914
7612,9.548076629638672
7622,9.260771751403809
7632,9.672574996948242
7642,9.423578262329102
7653,9.41400146484375
7663,9.730035781860352
7673,9.490615844726562
7683,9.576807022094727
7694,9.749189376831055
7703,9.02135181427002
7714,9.797073364257812
7724,9.174580574035645
7732,9.615114212036133
7744,9.911994934082031
7752,9.394847869873047
7762,9.758766174316406
7772,9.241618156433105
7782,9.452308654785156
7792,9.864110946655273
7802,9.002198219299316
7812,9.59596061706543
7822,9.854534149169922
7832,9.557653427124023
7842,9.701305389404297
7852,9.442731857299805
7862,9.643844604492188
7872,9.35654067993164
7882,9.557653427124023
7892,9.404424667358398
7902,9.615114212036133
7912,9.691728591918945
7922,9.825803756713867
7932,9.548076629638672
7942,9.366117477416992
7952,9.615114212036133
7962,9.548076629638672
7972,9.41400146484375
7982,9.682151794433594
7992,9.567230224609375
8002,9.624691009521484
8012,9.490615844726562
8022,9.442731857299805
8032,9.528923034667969
8042,9.47146224975586
8052,9.500192642211914
8062,9.528923034667969
8072,9.47146224975586
8082,9.557653427124023
8092,9.586383819580078
8102,9.576807022094727
8112,9.404424667358398
8122,9.490615844726562
8132,9.519346237182617
8142,9.433155059814453
8152,9.586383819580078
8162,9.452308654785156
8172,9.615114212036133
8182,9.576807022094727
8192,9.461885452270508
8202,9.557653427124023
8212,9.47146224975586
8222,9.385271072387695
8232,9.643844604492188
8242,9.509769439697266
8253,9.404424667358398
8263,9.682151794433594
8273,9.461885452270508
8283,9.500192642211914
8294,9.490615844726562
8303,9.643844604492188
8312,9.500192642211914
8322,9.481039047241211
8332,9.643844604492188
8342,9.509769439697266
8352,9.634267807006836
8362,9.528923034667969
8372,9.461885452270508
8382,9.691728591918945
8392,9.500192642211914
8402,9.47146224975586
8412,9.586383819580078
8422,9.490615844726562
8432,9.548076629638672
8442,9.53849983215332
8452,9.442731857299805
8462,9.528923034667969
8472,9.53849983215332
8482,9.279925346374512
8492,9.586383819580078
8502,9.59596061706543
8513,9.165003776550293
8523,9.816226959228516
8533,9.500192642211914
8543,9.174580574035645
8554,9.797073364257812
8564,9.423578262329102
8572,9.385271072387695
8582,9.701305389404297
8592,9.423578262329102
8602,9.576807022094727
8612,9.653421401977539
8622,9.193734169006348
8632,9.892841339111328
8642,9.41400146484375
8652,9.069235801696777
8662,9.232041358947754
8673,9.931148529052734
8682,9.864110946655273
8692,8.686163902282715
8702,9.825803756713867
8712,9.279925346374512
8722,9.442731857299805
8732,9.911994934082031
8744,8.762778282165527
8753,10.199298858642578
8763,9.557653427124023
8773,9.404424667358398
8783,10.093954086303711
8793,8.647856712341309
8803,9.959878921508789
8814,9.346963882446289
8824,9.299078941345215
8834,10.055646896362305
8844,8.992621421813965
8854,10.20887565612793
8864,9.35654067993164
8874,9.528923034667969
8883,9.931148529052734
8894,8.743624687194824
8903,10.180145263671875
8914,9.136273384094238
8924,9.710882186889648
8933,9.864110946655273
8943,9.059659004211426
8954,10.237606048583984
8964,9.02135181427002
8974,9.797073364257812
8984,9.528923034667969
8992,9.040505409240723
9002,10.103530883789062
9012,8.983044624328613
9022,9.528923034667969
9032,9.222464561462402
9042,10.036493301391602
9052,8.954314231872559
9062,9.931148529052734
9072,9.442731857299805
9082,9.040505409240723
9092,10.20887565612793
9102,9.08838939666748
9112,9.816226959228516
9122,9.768342971801758
9132,9.02135181427002
9142,10.103530883789062
9152,9.174580574035645
9162,9.730035781860352
9172,9.873687744140625
9182,9.011775016784668
9192,10.15141487121582
9202,9.423578262329102
9212,9.490615844726562
9222,9.988609313964844
9232,9.02135181427002
9242,9.931148529052734
9252,9.59596061706543
9262,9.35654067993164
9272,10.093954086303711
9282,9.174580574035645
9292,9.739612579345703
9302,9.816226959228516
9312,9.165003776550293
9322,9.998186111450195
9332,9.442731857299805
9342,9.366117477416992
9352,10.02691650390625
9362,9.308655738830566
9373,9.825803756713867
9383,9.097966194152832
9393,9.921571731567383
9403,9.548076629638672
9414,9.337387084960938
9423,9.90241813659668
9435,9.452308654785156
9444,9.423578262329102
9454,9.758766174316406
9464,9.47146224975586
9472,9.634267807006836
9482,9.528923034667969
9492,9.337387084960938
9502,9.605537414550781
9512,9.548076629638672
9522,9.423578262329102
9532,9.797073364257812
9542,9.500192642211914
9552,9.2033109664917
9562,9.768342971801758
9572,9.605537414550781
9582,9.41400146484375
9593,9.643844604492188
9603,9.53849983215332
9613,9.509769439697266
9622,9.586383819580078
9634,9.758766174316406
9644,9.576807022094727
9654,9.433155059814453
9664,9.672574996948242
9674,9.375694274902344
9683,9.66299819946289
9694,9.787496566772461
9704,9.528923034667969
9712,9.643844604492188
9722,9.749189376831055
9732,9.47146224975586
9743,9.892841339111328
9752,9.500192642211914
9762,9.605537414550781
9772,9.749189376831055
9782,9.47146224975586
9792,9.720458984375
9802,9.739612579345703
9812,9.375694274902344
9823,9.605537414550781
9832,9.576807022094727
9843,9.500192642211914
9852,9.53849983215332
9862,9.509769439697266
9872,9.548076629638672
9882,9.423578262329102
9892,9.461885452270508
9902,9.557653427124023
9912,9.433155059814453
9922,9.461885452270508
9932,9.53849983215332
9942,9.47146224975586
9952,9.509769439697266
9962,9.691728591918945
9972,9.66299819946289
9982,9.481039047241211
9992,9.749189376831055
10003,9.59596061706543
10013,9.404424667358398
10023,9.730035781860352
10033,9.624691009521484
10044,9.605537414550781
10052,9.59596061706543
10063,9.653421401977539
10072,9.481039047241211
10082,9.346963882446289
10092,9.672574996948242
10102,9.385271072387695
10112,9.528923034667969
10122,9.548076629638672
10132,9.643844604492188
10142,9.346963882446289
10152,9.643844604492188
10162,9.452308654785156
10172,9.490615844726562
10182,9.624691009521484
10192,9.691728591918945
10202,9.720458984375
10212,9.605537414550781
10222,9.730035781860352
10232,9.528923034667969
10242,9.509769439697266
10252,9.682151794433594
10262,9.615114212036133
10272,9.615114212036133
10282,9.548076629638672
10292,9.797073364257812
10302,9.643844604492188
10312,9.404424667358398
10322,9.672574996948242
10332,9.385271072387695
10342,9.500192642211914
10352,9.452308654785156
10362,9.586383819580078
10372,9.653421401977539
10382,9.366117477416992
10392,9.528923034667969
10402,9.452308654785156
10413,9.528923034667969
10423,9.481039047241211
10433,9.682151794433594
10443,9.672574996948242
10453,9.442731857299805
10463,9.586383819580078
10474,9.672574996948242
10484,9.452308654785156
10493,9.634267807006836
10504,9.643844604492188
10513,9.643844604492188
10524,9.461885452270508
10534,9.816226959228516
10544,9.66299819946289
10552,9.394847869873047
10562,9.730035781860352
10572,9.519346237182617
10582,9.643844604492188
10592,9.136273384094238
10602,9.682151794433594
10612,9.624691009521484
10622,9.41400146484375
10632,9.35654067993164
10642,9.768342971801758
10652,9.672574996948242
10662,9.241618156433105
10672,9.653421401977539
10682,9.509769439697266
10692,9.643844604492188
10702,9.136273384094238
10713,9.883264541625977
10723,9.864110946655273
10733,9.519346237182617
10744,9.59596061706543
10752,9.931148529052734
10762,9.739612579345703
10772,9.222464561462402
10782,9.749189376831055
10792,9.624691009521484
10802,9.739612579345703
10812,9.279925346374512
10822,10.113107681274414
10832,9.988609313964844
10842,9.375694274902344
10853,9.816226959228516
10863,9.643844604492188
10873,9.107542991638184
10883,9.816226959228516
10894,9.605537414550781
10903,9.730035781860352
10913,9.461885452270508
10924,10.113107681274414
10934,10.065223693847656
10944,9.050082206726074
10952,9.528923034667969
10962,9.548076629638672
10972,9.797073364257812
10983,9.232041358947754
10992,9.797073364257812
11002,10.113107681274414
11012,9.289502143859863
11023,9.59596061706543
11032,9.816226959228516
11042,9.691728591918945
11052,9.337387084960938
11062,9.682151794433594
11072,9.634267807006836
11082,9.816226959228516
11092,9.193734169006348
11102,9.998186111450195
11112,10.055646896362305
11122,9.078812599182129
11132,9.825803756713867
11142,9.854534149169922
11152,9.816226959228516
11162,9.366117477416992
11172,9.710882186889648
11182,9.940725326538086
11192,9.615114212036133
11202,9.730035781860352
11212,9.883264541625977
11222,9.404424667358398
11232,9.940725326538086
11242,9.835380554199219
11252,9.423578262329102
11263,9.672574996948242
11272,10.247182846069336
11282,9.739612579345703
11293,9.366117477416992
11303,9.691728591918945
11312,9.615114212036133
11322,9.519346237182617
11332,9.47146224975586
11342,10.02691650390625
11352,9.500192642211914
11362,9.519346237182617
11372,9.797073364257812
11382,9.605537414550781
11392,9.576807022094727
11402,9.308655738830566
11412,9.77791976928711
11422,9.806650161743164
11432,9.404424667358398
11442,10.237606048583984
11452,9.806650161743164
11463,9.442731857299805
11472,9.921571731567383
11482,9.710882186889648
11492,9.682151794433594
11502,9.117119789123535
11512,10.074800491333008
11522,9.710882186889648
11533,9.165003776550293
11543,9.998186111450195
11552,9.720458984375
11562,9.624691009521484
11572,9.241618156433105
11582,10.093954086303711
11592,9.720458984375
11602,9.758766174316406
11612,9.605537414550781
11622,9.710882186889648
11632,9.528923034667969
11642,9.90241813659668
11652,9.864110946655273
11662,9.260771751403809
11672,9.730035781860352
11682,9.404424667358398
11692,9.758766174316406
11702,9.835380554199219
11712,10.036493301391602
11722,10.02691650390625
11733,9.605537414550781
11744,10.563218116760254
11753,9.892841339111328
11763,9.605537414550781
11774,9.701305389404297
11783,9.979032516479492
11794,10.132261276245117
11804,9.911994934082031
11813,10.620678901672363
11823,9.825803756713867
11833,9.931148529052734
11844,10.199298858642578
11852,9.548076629638672
11862,10.266336441040039
11873,9.490615844726562
11882,10.54406452178955
11892,9.84495735168457
11902,9.308655738830566
11912,10.649409294128418
11922,9.528923034667969
11932,10.122684478759766
11942,9.174580574035645
11952,9.366117477416992
11962,10.036493301391602
11972,9.730035781860352
11982,9.691728591918945
11992,9.423578262329102
12002,9.394847869873047
12012,9.586383819580078
12022,9.931148529052734
12032,9.069235801696777
12042,9.653421401977539
12052,9.35654067993164
12062,9.222464561462402
12072,9.519346237182617
12082,9.768342971801758
12092,9.873687744140625
12102,9.289502143859863
12112,9.509769439697266
12122,10.362105369567871
12132,9.528923034667969
12142,9.41400146484375
12152,10.074800491333008
12162,9.624691009521484
12172,9.691728591918945
12182,9.730035781860352
12192,10.160991668701172
12202,9.500192642211914
12212,9.979032516479492
12222,10.103530883789062
12232,9.490615844726562
12242,9.701305389404297
12252,9.576807022094727
12262,9.96945571899414
12272,9.41400146484375
12282,8.925583839416504
12292,10.237606048583984
12302,9.509769439697266
12312,9.394847869873047
12322,9.653421401977539
12332,9.624691009521484
12342,9.002198219299316
12352,9.854534149169922
12362,10.017339706420898
12372,8.887276649475098
12382,10.745177268981934
12392,10.486603736877441
12402,9.739612579345703
12412,10.189722061157227
12422,9.921571731567383
12432,10.256759643554688
12442,9.346963882446289
12453,9.892841339111328
12463,10.716446876525879
12472,10.199298858642578
12482,9.84495735168457
12493,10.563218116760254
12503,10.620678901672363
12513,9.701305389404297
12523,9.624691009521484
12534,10.27591323852539
12544,9.366117477416992
12553,9.835380554199219
12564,10.467450141906738
12574,10.773907661437988
12583,9.672574996948242
12592,9.08838939666748
12602,10.170568466186523
12612,9.519346237182617
12622,9.84495735168457
12632,9.260771751403809
12642,9.825803756713867
12652,10.189722061157227
12662,8.877699851989746
12672,10.017339706420898
12682,9.701305389404297
12692,9.509769439697266
12702,9.615114212036133
12712,9.84495735168457
12722,9.548076629638672
12732,9.854534149169922
12743,9.883264541625977
12753,10.08437728881836
12763,9.279925346374512
12773,10.41956615447998
12783,10.180145263671875
12794,9.41400146484375
12804,10.237606048583984
12814,9.739612579345703
12824,9.797073364257812
12834,9.96945571899414
12843,9.691728591918945
12854,9.921571731567383
12864,9.47146224975586
12874,9.768342971801758
12884,10.505757331848145
12894,8.877699851989746
12904,9.040505409240723
12913,10.046070098876953
12924,8.916007041931152
12933,9.768342971801758
12943,9.327810287475586
12952,9.14585018157959
12962,9.442731857299805
12972,8.829815864562988
12982,9.586383819580078
12992,9.059659004211426
13002,8.647856712341309
13012,10.141838073730469
13022,9.040505409240723
13032,9.030928611755371
13042,9.519346237182617
13052,9.691728591918945
13062,9.232041358947754
13072,9.77791976928711
13082,9.730035781860352
13092,9.998186111450195
13102,9.672574996948242
13112,9.979032516479492
13122,10.237606048583984
13132,8.992621421813965
13142,10.314221382141113
13152,9.567230224609375
13162,9.174580574035645
13172,9.66299819946289
13182,9.519346237182617
13192,9.883264541625977
13202,9.232041358947754
13212,11.070788383483887
13222,8.96389102935791
13233,9.337387084960938
13243,10.620678901672363
13253,8.801085472106934
13263,9.490615844726562
13274,10.065223693847656
13283,9.394847869873047
13294,9.682151794433594
13304,9.53849983215332
13313,8.868123054504395
13323,9.53849983215332
13334,9.557653427124023
13343,8.59997272491455
13354,8.619126319885254
13364,9.950302124023438
13372,8.848969459533691
13382,8.954314231872559
13392,10.199298858642578
13402,9.040505409240723
13412,9.165003776550293
13422,9.366117477416992
13432,9.864110946655273
13442,8.743624687194824
13452,10.20887565612793
13462,10.074800491333008
13472,9.950302124023438
13482,9.90241813659668
13493,9.84495735168457
13503,10.47702693939209
13513,8.523358345031738
13523,9.375694274902344
13534,9.96945571899414
13544,9.615114212036133
13554,9.682151794433594
13564,10.08437728881836
13572,10.754754066467285
13582,8.887276649475098
13592,8.954314231872559
13602,8.695740699768066
13612,8.96389102935791
13622,10.323798179626465
13632,9.461885452270508
13642,9.500192642211914
13652,9.346963882446289
13662,9.327810287475586
13672,9.481039047241211
13682,8.33182144165039
13693,8.542511940002441
13703,10.103530883789062
13713,10.02691650390625
13723,8.935160636901855
13734,9.864110946655273
13746,9.27034854888916
13753,9.672574996948242
13764,9.730035781860352
13773,9.643844604492188
13784,10.132261276245117
13794,10.496180534362793
13804,9.394847869873047
13814,9.576807022094727
13824,9.452308654785156
13834,10.323798179626465
13844,9.47146224975586
13852,9.251194953918457
13862,8.762778282165527
13872,10.400412559509277
13882,8.465897560119629
13892,9.251194953918457
13902,9.442731857299805
13912,8.197746276855469
13922,9.308655738830566
13932,9.375694274902344
13942,9.232041358947754
13952,8.360552787780762
13962,9.260771751403809
13973,9.481039047241211
13983,8.89685344696045
13993,9.490615844726562
14003,9.758766174316406
14013,8.820239067077637
14024,9.634267807006836
14034,8.925583839416504
14043,9.394847869873047
14052,9.53849983215332
14062,9.232041358947754
14072,8.868123054504395
14082,9.634267807006836
14092,9.77791976928711
14102,8.791508674621582
14112,9.442731857299805
14122,9.66299819946289
14132,9.509769439697266
14142,8.552088737487793
14152,9.605537414550781
14162,8.992621421813965
14172,9.59596061706543
14182,9.174580574035645
14192,9.442731857299805
14202,9.346963882446289
14212,8.245630264282227
14222,10.074800491333008
14232,9.14585018157959
14242,9.327810287475586
14252,9.682151794433594
14262,8.973467826843262
14272,9.308655738830566
14282,9.53849983215332
14292,9.519346237182617
14302,8.465897560119629
14312,9.643844604492188
14322,9.385271072387695
14333,8.609549522399902
14343,9.710882186889648
14353,9.117119789123535
14363,9.816226959228516
14374,8.916007041931152
14384,9.442731857299805
14394,9.260771751403809
14403,9.165003776550293
14414,9.423578262329102
14423,9.279925346374512
14432,10.065223693847656
14442,9.251194953918457
14452,9.911994934082031
14462,9.155426979064941
14472,9.346963882446289
14482,9.442731857299805
14492,9.84495735168457
14502,9.21288776397705
14512,9.883264541625977
14522,9.433155059814453
14532,9.66299819946289
14542,9.500192642211914
14553,9.050082206726074
14562,9.758766174316406
14572,8.724471092224121
14583,10.54406452178955
14592,8.456320762634277
14602,9.940725326538086
14612,10.228029251098633
14622,8.188169479370117
14632,10.639832496643066
14642,8.552088737487793
14652,9.53849983215332
14662,8.935160636901855
14672,10.113107681274414
14682,9.040505409240723
14692,9.433155059814453
14702,9.787496566772461
14712,9.193734169006348
14722,9.768342971801758
14732,8.418013572692871
14743,9.155426979064941
14752,9.500192642211914
14762,9.84495735168457
14772,8.676587104797363
14782,9.854534149169922
14792,10.007762908935547
14802,9.165003776550293
14812,9.08838939666748
14822,9.318233489990234
14832,9.53849983215332
14842,8.954314231872559
14852,9.08838939666748
14862,9.41400146484375
14872,8.829815864562988
14882,9.136273384094238
14892,9.481039047241211
14902,8.791508674621582
14912,9.279925346374512
14922,9.08838939666748
14932,9.232041358947754
14942,9.423578262329102
14952,8.983044624328613
14962,9.461885452270508
14972,9.710882186889648
14982,9.500192642211914
14992,9.442731857299805
15002,9.672574996948242
15012,9.193734169006348
15022,9.816226959228516
15032,9.318233489990234
15042,9.988609313964844
15052,9.394847869873047
15062,9.864110946655273
15072,9.931148529052734
15082,9.59596061706543
15092,9.825803756713867
15102,9.299078941345215
15112,9.825803756713867
15122,9.682151794433594
15132,9.548076629638672
416503,9.586383819580078
416504,9.758766174316406
416506,9.911994934082031
416507,9.078812599182129
416508,9.720458984375
416509,8.638279914855957
416510,9.155426979064941
416511,9.21288776397705
416512,9.461885452270508
416513,9.126696586608887
416514,8.944737434387207
416515,9.442731857299805
416521,9.691728591918945
416540,10.611102104187012
416561,9.165003776550293
416581,9.96945571899414
416601,9.241618156433105
416621,9.998186111450195
416641,9.165003776550293
416661,8.5903959274292
416680,9.385271072387695
416701,9.883264541625977
416721,10.35252857208252
416741,8.954314231872559
416762,9.730035781860352
416780,9.825803756713867
416801,9.988609313964844
416820,9.519346237182617
416841,8.695740699768066
416861,9.097966194152832
416881,9.040505409240723
416901,9.988609313964844
416921,9.097966194152832
416941,9.289502143859863
416962,9.643844604492188
416982,8.983044624328613
417002,9.672574996948242
417022,10.046070098876953
417042,10.438719749450684
417062,9.66299819946289
417082,9.586383819580078
417102,10.697293281555176
417121,9.41400146484375
417141,10.438719749450684
417160,9.509769439697266
417181,9.835380554199219
417201,8.619126319885254
417221,9.030928611755371
417241,8.925583839416504
417261,9.136273384094238
417281,8.53293514251709
417301,9.165003776550293
417321,10.046070098876953
417341,9.404424667358398
417362,9.232041358947754
417382,9.892841339111328
417403,9.873687744140625
417421,10.141838073730469
417441,8.504204750061035
417461,9.528923034667969
417481,9.097966194152832
417502,9.308655738830566
417522,8.887276649475098
417542,8.53293514251709
417562,8.887276649475098
417581,8.801085472106934
417601,9.155426979064941
417621,9.481039047241211
417641,7.987056732177734
417661,8.925583839416504
417681,8.303091049194336
417701,9.701305389404297
417721,10.572794914245605
417742,10.247182846069336
417762,9.672574996948242
421483,8.456320762634277
421551,7.575253963470459
421616,10.113107681274414
421681,11.061211585998535
421746,9.002198219299316
421811,10.122684478759766
421877,10.333374977111816
421942,8.734047889709473
422007,8.676587104797363
422071,9.327810287475586
422136,10.54406452178955
422202,10.41956615447998
436530,9.672574996948242
436595,9.643844604492188
436660,9.720458984375
436725,9.634267807006836
436790,9.835380554199219
436855,9.53849983215332
436920,9.548076629638672
436985,9.864110946655273
437129,9.59596061706543
437194,9.797073364257812
437259,9.730035781860352
437324,9.481039047241211
437389,9.873687744140625
437454,9.710882186889648
437519,9.519346237182617
437584,9.835380554199219
481504,5.57370138168335
481570,6.3973069190979
481635,9.998186111450195
481700,11.501745223999023
481764,5.679046630859375
481829,7.297526836395264
481895,11.377246856689453
481960,12.239158630371094
482024,8.724471092224121
482091,7.527369976043701
768485,7.230489253997803
768486,11.30063247680664
768487,11.233593940734863
768510,7.393294811248779
768574,6.588842868804932
768639,7.144298076629639
768838,7.268796443939209
768906,12.181697845458984
768966,13.608642578125
769030,14.058752059936523
769095,9.615114212036133
769161,8.705317497253418
769225,9.509769439697266
769291,9.806650161743164
769356,9.797073364257812
769421,9.41400146484375
769486,9.299078941345215
769550,12.124237060546875
769616,9.586383819580078
769680,7.565677165985107
769745,10.266336441040039
769810,8.149862289428711
769875,10.266336441040039
769940,9.586383819580078
770005,9.375694274902344
770071,10.668562889099121
770137,9.835380554199219
770201,9.136273384094238
770266,9.921571731567383
770331,9.883264541625977
770396,8.178592681884766
770461,11.693281173706055
770526,10.055646896362305
770591,9.806650161743164
770655,9.605537414550781
770722,10.553641319274902
770787,9.184157371520996
